Iteration;Time;BestFitness;LOC-LLH0;LOC-LLH1;LOC-LLH2;LOC-LLH3;LOC-LLH4;LOC-LLH5;LOC-LLH6;LOC-LLH7;CT-LLH0;CT-LLH1;CT-LLH2;CT-LLH3;CT-LLH4;CT-LLH5;CT-LLH6;CT-LLH7;
3;0,008;0,10081287642782932;0,2;0,2;0,2;0,2;0,2;0,2;0,2;0,2;ImprovingMoreOrEqual;ImprovingMoreOrEqual;ImprovingMoreOrEqual;ImprovingMoreOrEqual;ImprovingMoreOrEqual;ImprovingMoreOrEqual;ImprovingMoreOrEqual;ImprovingMoreOrEqual
6;0,018;0,10080290758047739;0,2;0,2;0,2;0,2;0,2;0,2;0,21000000000000002;0,2;ImprovingMoreOrEqual;ImprovingMoreOrEqual;ImprovingMoreOrEqual;ImprovingMoreOrEqual;ImprovingMoreOrEqual;ImprovingMoreOrEqual;ImprovingMoreOrEqual;ImprovingMoreOrEqual
7;0,023;0,10069283489096537;0,2;0,21000000000000002;0,2;0,2;0,2;0,2;0,21000000000000002;0,2;ImprovingMoreOrEqual;ImprovingMoreOrEqual;ImprovingMoreOrEqual;ImprovingMoreOrEqual;ImprovingMoreOrEqual;ImprovingMoreOrEqual;ImprovingMoreOrEqual;ImprovingMoreOrEqual
9;0,03;0,09731917772573484;0,2;0,2;0,2;0,2;0,2;0,2;0,21000000000000002;0,2;ImprovingMoreOrEqual;ImprovingMoreOrEqual;ImprovingMoreOrEqual;ImprovingMoreOrEqual;ImprovingMoreOrEqual;ImprovingMoreOrEqual;ImprovingMoreOrEqual;ImprovingMoreOrEqual
11;0,092;0,09731085089773572;0,2;0,2;0,21000000000000002;0,2;0,2;0,2;0,21000000000000002;0,2;ImprovingMoreOrEqual;ImprovingMoreOrEqual;ImprovingMoreOrEqual;ImprovingMoreOrEqual;ImprovingMoreOrEqual;ImprovingMoreOrEqual;ImprovingMoreOrEqual;ImprovingMoreOrEqual
13;0,1;0,09621358313817308;0,2;0,2;0,21000000000000002;0,2;0,2;0,2;0,21000000000000002;0,2;ImprovingMoreOrEqual;ImprovingMoreOrEqual;ImprovingMoreOrEqual;ImprovingMoreOrEqual;ImprovingMoreOrEqual;ImprovingMoreOrEqual;ImprovingMoreOrEqual;ImprovingMoreOrEqual
14;0,111;0,0961417642466822;0,2;0,2;0,21000000000000002;0,2;0,2;0,2;0,21000000000000002;0,2;ImprovingMoreOrEqual;ImprovingMoreOrEqual;ImprovingMoreOrEqual;ImprovingMoreOrEqual;ImprovingMoreOrEqual;ImprovingMoreOrEqual;ImprovingMoreOrEqual;ImprovingMoreOrEqual
16;0,12;0,09336338028168989;0,2;0,2;0,21000000000000002;0,2;0,2;0,2;0,21000000000000002;0,2;ImprovingMoreOrEqual;ImprovingMoreOrEqual;ImprovingMoreOrEqual;ImprovingMoreOrEqual;ImprovingMoreOrEqual;ImprovingMoreOrEqual;ImprovingMoreOrEqual;ImprovingMoreOrEqual
20;0,132;0,09293291601460607;0,2;0,2;0,22000000000000003;0,2;0,2;0,2;0,21000000000000002;0,2;ImprovingMoreOrEqual;ImprovingMoreOrEqual;ImprovingMoreOrEqual;ImprovingMoreOrEqual;ImprovingMoreOrEqual;ImprovingMoreOrEqual;ImprovingMoreOrEqual;ImprovingMoreOrEqual
21;0,14;0,09215565988523733;0,2;0,2;0,23000000000000004;0,2;0,2;0,2;0,21000000000000002;0,2;ImprovingMoreOrEqual;ImprovingMoreOrEqual;ImprovingMoreOrEqual;ImprovingMoreOrEqual;ImprovingMoreOrEqual;ImprovingMoreOrEqual;ImprovingMoreOrEqual;ImprovingMoreOrEqual
23;0,151;0,08923754248366011;0,2;0,2;0,24000000000000005;0,2;0,2;0,2;0,21000000000000002;0,2;ImprovingMoreOrEqual;ImprovingMoreOrEqual;ImprovingMoreOrEqual;ImprovingMoreOrEqual;ImprovingMoreOrEqual;ImprovingMoreOrEqual;ImprovingMoreOrEqual;ImprovingMoreOrEqual
24;0,157;0,08911728104575167;0,2;0,2;0,23000000000000004;0,2;0,2;0,2;0,21000000000000002;0,2;ImprovingMoreOrEqual;ImprovingMoreOrEqual;ImprovingMoreOrEqual;ImprovingMoreOrEqual;ImprovingMoreOrEqual;ImprovingMoreOrEqual;ImprovingMoreOrEqual;ImprovingMoreOrEqual
25;0,164;0,08866781699346404;0,2;0,2;0,23000000000000004;0,2;0,2;0,2;0,21000000000000002;0,2;ImprovingMoreOrEqual;ImprovingMoreOrEqual;ImprovingMoreOrEqual;ImprovingMoreOrEqual;ImprovingMoreOrEqual;ImprovingMoreOrEqual;ImprovingMoreOrEqual;ImprovingMoreOrEqual
27;0,171;0,08511362683438173;0,2;0,2;0,24000000000000005;0,2;0,2;0,2;0,21000000000000002;0,2;ImprovingMoreOrEqual;ImprovingMoreOrEqual;ImprovingMoreOrEqual;ImprovingMoreOrEqual;ImprovingMoreOrEqual;ImprovingMoreOrEqual;ImprovingMoreOrEqual;ImprovingMoreOrEqual
28;0,177;0,08500901467505262;0,2;0,2;0,24000000000000005;0,2;0,2;0,2;0,21000000000000002;0,2;ImprovingMoreOrEqual;ImprovingMoreOrEqual;ImprovingMoreOrEqual;ImprovingMoreOrEqual;ImprovingMoreOrEqual;ImprovingMoreOrEqual;ImprovingMoreOrEqual;ImprovingMoreOrEqual
30;0,188;0,08459182389937137;0,2;0,2;0,23000000000000004;0,2;0,2;0,2;0,21000000000000002;0,2;ImprovingMoreOrEqual;ImprovingMoreOrEqual;ImprovingMoreOrEqual;ImprovingMoreOrEqual;ImprovingMoreOrEqual;ImprovingMoreOrEqual;ImprovingMoreOrEqual;ImprovingMoreOrEqual
31;0,194;0,08456226415094348;0,2;0,2;0,23000000000000004;0,2;0,2;0,2;0,21000000000000002;0,2;ImprovingMoreOrEqual;ImprovingMoreOrEqual;ImprovingMoreOrEqual;ImprovingMoreOrEqual;ImprovingMoreOrEqual;ImprovingMoreOrEqual;ImprovingMoreOrEqual;ImprovingMoreOrEqual
32;0,2;0,08394276729559746;0,2;0,2;0,24000000000000005;0,2;0,2;0,2;0,21000000000000002;0,2;ImprovingMoreOrEqual;ImprovingMoreOrEqual;ImprovingMoreOrEqual;ImprovingMoreOrEqual;ImprovingMoreOrEqual;ImprovingMoreOrEqual;ImprovingMoreOrEqual;ImprovingMoreOrEqual
35;0,208;0,08081113737851309;0,2;0,2;0,23000000000000004;0,2;0,2;0,2;0,21000000000000002;0,2;ImprovingMoreOrEqual;ImprovingMoreOrEqual;ImprovingMoreOrEqual;ImprovingMoreOrEqual;ImprovingMoreOrEqual;ImprovingMoreOrEqual;ImprovingMoreOrEqual;ImprovingMoreOrEqual
37;0,218;0,08037089571841316;0,2;0,2;0,23000000000000004;0,2;0,2;0,2;0,21000000000000002;0,2;ImprovingMoreOrEqual;ImprovingMoreOrEqual;ImprovingMoreOrEqual;ImprovingMoreOrEqual;ImprovingMoreOrEqual;ImprovingMoreOrEqual;ImprovingMoreOrEqual;ImprovingMoreOrEqual
38;0,225;0,0797087470449167;0,2;0,2;0,23000000000000004;0,2;0,2;0,2;0,21000000000000002;0,2;ImprovingMoreOrEqual;ImprovingMoreOrEqual;ImprovingMoreOrEqual;ImprovingMoreOrEqual;ImprovingMoreOrEqual;ImprovingMoreOrEqual;ImprovingMoreOrEqual;ImprovingMoreOrEqual
40;0,232;0,07666729857819832;0,2;0,2;0,23000000000000004;0,2;0,2;0,2;0,21000000000000002;0,2;ImprovingMoreOrEqual;ImprovingMoreOrEqual;ImprovingMoreOrEqual;ImprovingMoreOrEqual;ImprovingMoreOrEqual;ImprovingMoreOrEqual;ImprovingMoreOrEqual;ImprovingMoreOrEqual
41;0,242;0,07663949447077334;0,2;0,2;0,23000000000000004;0,2;0,2;0,2;0,21000000000000002;0,2;ImprovingMoreOrEqual;ImprovingMoreOrEqual;ImprovingMoreOrEqual;ImprovingMoreOrEqual;ImprovingMoreOrEqual;ImprovingMoreOrEqual;ImprovingMoreOrEqual;ImprovingMoreOrEqual
42;0,252;0,0764884676145331;0,2;0,2;0,23000000000000004;0,2;0,2;0,2;0,21000000000000002;0,2;ImprovingMoreOrEqual;ImprovingMoreOrEqual;ImprovingMoreOrEqual;ImprovingMoreOrEqual;ImprovingMoreOrEqual;ImprovingMoreOrEqual;ImprovingMoreOrEqual;ImprovingMoreOrEqual
46;0,262;0,0764821484992092;0,2;0,2;0,23000000000000004;0,2;0,2;0,2;0,21000000000000002;0,2;ImprovingMoreOrEqual;ImprovingMoreOrEqual;ImprovingMoreOrEqual;ImprovingMoreOrEqual;ImprovingMoreOrEqual;ImprovingMoreOrEqual;ImprovingMoreOrEqual;ImprovingMoreOrEqual
49;0,271;0,07595703001579668;0,2;0,2;0,24000000000000005;0,2;0,2;0,2;0,21000000000000002;0,2;ImprovingMoreOrEqual;ImprovingMoreOrEqual;ImprovingMoreOrEqual;ImprovingMoreOrEqual;ImprovingMoreOrEqual;ImprovingMoreOrEqual;ImprovingMoreOrEqual;ImprovingMoreOrEqual
51;0,282;0,07592669826224219;0,2;0,2;0,25000000000000006;0,2;0,2;0,2;0,21000000000000002;0,2;ImprovingMoreOrEqual;ImprovingMoreOrEqual;ImprovingMoreOrEqual;ImprovingMoreOrEqual;ImprovingMoreOrEqual;ImprovingMoreOrEqual;ImprovingMoreOrEqual;ImprovingMoreOrEqual
52;0,288;0,075908794102158;0,2;0,2;0,26000000000000006;0,2;0,2;0,2;0,21000000000000002;0,2;ImprovingMoreOrEqual;ImprovingMoreOrEqual;ImprovingMoreOrEqual;ImprovingMoreOrEqual;ImprovingMoreOrEqual;ImprovingMoreOrEqual;ImprovingMoreOrEqual;ImprovingMoreOrEqual
53;0,295;0,07590837282780305;0,2;0,2;0,25000000000000006;0,2;0,2;0,2;0,21000000000000002;0,2;ImprovingMoreOrEqual;ImprovingMoreOrEqual;ImprovingMoreOrEqual;ImprovingMoreOrEqual;ImprovingMoreOrEqual;ImprovingMoreOrEqual;ImprovingMoreOrEqual;ImprovingMoreOrEqual
54;0,303;0,07590331753554402;0,2;0,2;0,26000000000000006;0,2;0,2;0,2;0,21000000000000002;0,2;ImprovingMoreOrEqual;ImprovingMoreOrEqual;ImprovingMoreOrEqual;ImprovingMoreOrEqual;ImprovingMoreOrEqual;ImprovingMoreOrEqual;ImprovingMoreOrEqual;ImprovingMoreOrEqual
62;0,326;0,07589805160610752;0,2;0,2;0,26000000000000006;0,2;0,2;0,2;0,22000000000000003;0,2;ImprovingMoreOrEqual;ImprovingMoreOrEqual;ImprovingMoreOrEqual;ImprovingMoreOrEqual;ImprovingMoreOrEqual;ImprovingMoreOrEqual;ImprovingMoreOrEqual;ImprovingMoreOrEqual
72;0,356;0,07588520273828225;0,2;0,2;0,2596000000000001;0,2;0,2;0,2;0,22000000000000003;0,2;ImprovingMoreOrEqual;ImprovingMoreOrEqual;ImprovingMoreOrEqual;ImprovingMoreOrEqual;ImprovingMoreOrEqual;ImprovingMoreOrEqual;ImprovingMoreOrEqual;ImprovingMoreOrEqual
74;0,364;0,07588436018957245;0,2;0,2;0,2496000000000001;0,2;0,2;0,2;0,22000000000000003;0,2;ImprovingMoreOrEqual;ImprovingMoreOrEqual;ImprovingMoreOrEqual;ImprovingMoreOrEqual;ImprovingMoreOrEqual;ImprovingMoreOrEqual;ImprovingMoreOrEqual;ImprovingMoreOrEqual
75;0,373;0,07575587151132057;0,2;0,2;0,2496000000000001;0,2;0,2;0,2;0,22000000000000003;0,2;ImprovingMoreOrEqual;ImprovingMoreOrEqual;ImprovingMoreOrEqual;ImprovingMoreOrEqual;ImprovingMoreOrEqual;ImprovingMoreOrEqual;ImprovingMoreOrEqual;ImprovingMoreOrEqual
77;0,384;0,0723678015307454;0,2;0,2;0,2596000000000001;0,2;0,2;0,2;0,22000000000000003;0,2;ImprovingMoreOrEqual;ImprovingMoreOrEqual;ImprovingMoreOrEqual;ImprovingMoreOrEqual;ImprovingMoreOrEqual;ImprovingMoreOrEqual;ImprovingMoreOrEqual;ImprovingMoreOrEqual
78;0,389;0,07216447611506804;0,2;0,2;0,2496000000000001;0,2;0,2;0,2;0,22000000000000003;0,2;ImprovingMoreOrEqual;ImprovingMoreOrEqual;ImprovingMoreOrEqual;ImprovingMoreOrEqual;ImprovingMoreOrEqual;ImprovingMoreOrEqual;ImprovingMoreOrEqual;ImprovingMoreOrEqual
79;0,396;0,07111723409870485;0,2;0,2;0,2596000000000001;0,2;0,2;0,2;0,22000000000000003;0,2;ImprovingMoreOrEqual;ImprovingMoreOrEqual;ImprovingMoreOrEqual;ImprovingMoreOrEqual;ImprovingMoreOrEqual;ImprovingMoreOrEqual;ImprovingMoreOrEqual;ImprovingMoreOrEqual
80;0,402;0,06808698412698211;0,2;0,2;0,2696000000000001;0,2;0,2;0,2;0,22000000000000003;0,2;ImprovingMoreOrEqual;ImprovingMoreOrEqual;ImprovingMoreOrEqual;ImprovingMoreOrEqual;ImprovingMoreOrEqual;ImprovingMoreOrEqual;ImprovingMoreOrEqual;ImprovingMoreOrEqual
81;0,408;0,06794222222222002;0,2;0,2;0,2796000000000001;0,2;0,2;0,2;0,22000000000000003;0,2;ImprovingMoreOrEqual;ImprovingMoreOrEqual;ImprovingMoreOrEqual;ImprovingMoreOrEqual;ImprovingMoreOrEqual;ImprovingMoreOrEqual;ImprovingMoreOrEqual;ImprovingMoreOrEqual
82;0,415;0,06747301587301358;0,2;0,2;0,28960000000000014;0,2;0,2;0,2;0,22000000000000003;0,2;ImprovingMoreOrEqual;ImprovingMoreOrEqual;ImprovingMoreOrEqual;ImprovingMoreOrEqual;ImprovingMoreOrEqual;ImprovingMoreOrEqual;ImprovingMoreOrEqual;ImprovingMoreOrEqual
83;0,421;0,06672910052909808;0,2;0,2;0,29960000000000014;0,2;0,2;0,2;0,22000000000000003;0,2;ImprovingMoreOrEqual;ImprovingMoreOrEqual;ImprovingMoreOrEqual;ImprovingMoreOrEqual;ImprovingMoreOrEqual;ImprovingMoreOrEqual;ImprovingMoreOrEqual;ImprovingMoreOrEqual
84;0,427;0,06367944842216655;0,2;0,2;0,30960000000000015;0,2;0,2;0,2;0,22000000000000003;0,2;ImprovingMoreOrEqual;ImprovingMoreOrEqual;ImprovingMoreOrEqual;ImprovingMoreOrEqual;ImprovingMoreOrEqual;ImprovingMoreOrEqual;ImprovingMoreOrEqual;ImprovingMoreOrEqual
87;0,448;0,06305913550782005;0,2;0,2;0,29960000000000014;0,2;0,2;0,2;0,22000000000000003;0,2;ImprovingMoreOrEqual;ImprovingMoreOrEqual;ImprovingMoreOrEqual;ImprovingMoreOrEqual;ImprovingMoreOrEqual;ImprovingMoreOrEqual;ImprovingMoreOrEqual;ImprovingMoreOrEqual
90;0,467;0,06304025457438056;0,2;0,2;0,30960000000000015;0,2;0,2;0,2;0,22000000000000003;0,2;ImprovingMoreOrEqual;ImprovingMoreOrEqual;ImprovingMoreOrEqual;ImprovingMoreOrEqual;ImprovingMoreOrEqual;ImprovingMoreOrEqual;ImprovingMoreOrEqual;ImprovingMoreOrEqual
91;0,479;0,06303431450543318;0,2;0,2;0,29960000000000014;0,2;0,2;0,2;0,22000000000000003;0,2;ImprovingMoreOrEqual;ImprovingMoreOrEqual;ImprovingMoreOrEqual;ImprovingMoreOrEqual;ImprovingMoreOrEqual;ImprovingMoreOrEqual;ImprovingMoreOrEqual;ImprovingMoreOrEqual
92;0,485;0,06303261734287668;0,2;0,2;0,30960000000000015;0,2;0,2;0,2;0,22000000000000003;0,2;ImprovingMoreOrEqual;ImprovingMoreOrEqual;ImprovingMoreOrEqual;ImprovingMoreOrEqual;ImprovingMoreOrEqual;ImprovingMoreOrEqual;ImprovingMoreOrEqual;ImprovingMoreOrEqual
94;0,491;0,06239978785467715;0,2;0,2;0,30960000000000015;0,2;0,2;0,2;0,22000000000000003;0,2;ImprovingMoreOrEqual;ImprovingMoreOrEqual;ImprovingMoreOrEqual;ImprovingMoreOrEqual;ImprovingMoreOrEqual;ImprovingMoreOrEqual;ImprovingMoreOrEqual;ImprovingMoreOrEqual
96;0,499;0,06234378149031761;0,2;0,2;0,31960000000000016;0,2;0,2;0,2;0,22000000000000003;0,2;ImprovingMoreOrEqual;ImprovingMoreOrEqual;ImprovingMoreOrEqual;ImprovingMoreOrEqual;ImprovingMoreOrEqual;ImprovingMoreOrEqual;ImprovingMoreOrEqual;ImprovingMoreOrEqual
97;0,505;0,062343569344998184;0,2;0,2;0,32960000000000017;0,2;0,2;0,2;0,22000000000000003;0,2;ImprovingMoreOrEqual;ImprovingMoreOrEqual;ImprovingMoreOrEqual;ImprovingMoreOrEqual;ImprovingMoreOrEqual;ImprovingMoreOrEqual;ImprovingMoreOrEqual;ImprovingMoreOrEqual
98;0,513;0,062320233359848154;0,2;0,2;0,31960000000000016;0,2;0,2;0,2;0,22000000000000003;0,2;ImprovingMoreOrEqual;ImprovingMoreOrEqual;ImprovingMoreOrEqual;ImprovingMoreOrEqual;ImprovingMoreOrEqual;ImprovingMoreOrEqual;ImprovingMoreOrEqual;ImprovingMoreOrEqual
100;0,52;0,06231768761601364;0,2;0,2;0,32960000000000017;0,2;0,2;0,2;0,22000000000000003;0,2;ImprovingMoreOrEqual;ImprovingMoreOrEqual;ImprovingMoreOrEqual;ImprovingMoreOrEqual;ImprovingMoreOrEqual;ImprovingMoreOrEqual;ImprovingMoreOrEqual;ImprovingMoreOrEqual
107;0,537;0,06231302041898379;0,2;0,2;0,3293000000000002;0,2;0,2;0,2;0,21000000000000002;0,2;ImprovingMoreOrEqual;ImprovingMoreOrEqual;ImprovingMoreOrEqual;ImprovingMoreOrEqual;ImprovingMoreOrEqual;ImprovingMoreOrEqual;ImprovingMoreOrEqual;ImprovingMoreOrEqual
123;0,578;0,06226210554229328;0,2;0,2;0,32900000000000024;0,2;0,2;0,2;0,20990000000000003;0,2;ImprovingMoreOrEqual;ImprovingMoreOrEqual;ImprovingMoreOrEqual;ImprovingMoreOrEqual;ImprovingMoreOrEqual;ImprovingMoreOrEqual;ImprovingMoreOrEqual;ImprovingMoreOrEqual
130;0,59;0,05931823498138955;0,2;0,2;0,31900000000000023;0,2;0,2;0,2;0,20990000000000003;0,2;ImprovingMoreOrEqual;ImprovingMoreOrEqual;ImprovingMoreOrEqual;ImprovingMoreOrEqual;ImprovingMoreOrEqual;ImprovingMoreOrEqual;ImprovingMoreOrEqual;ImprovingMoreOrEqual
131;0,596;0,059298458266876075;0,2;0,2;0,32900000000000024;0,2;0,2;0,2;0,20990000000000003;0,2;ImprovingMoreOrEqual;ImprovingMoreOrEqual;ImprovingMoreOrEqual;ImprovingMoreOrEqual;ImprovingMoreOrEqual;ImprovingMoreOrEqual;ImprovingMoreOrEqual;ImprovingMoreOrEqual
132;0,603;0,05929739500265485;0,2;0,2;0,33900000000000025;0,2;0,2;0,2;0,20990000000000003;0,2;ImprovingMoreOrEqual;ImprovingMoreOrEqual;ImprovingMoreOrEqual;ImprovingMoreOrEqual;ImprovingMoreOrEqual;ImprovingMoreOrEqual;ImprovingMoreOrEqual;ImprovingMoreOrEqual
192;0,736;0,05923040935672186;0,2;0,2;0,3374000000000004;0,2;0,2;0,2;0,20980000000000004;0,2;ImprovingMoreOrEqual;ImprovingMoreOrEqual;ImprovingMoreOrEqual;ImprovingMoreOrEqual;ImprovingMoreOrEqual;ImprovingMoreOrEqual;ImprovingMoreOrEqual;ImprovingMoreOrEqual
193;0,741;0,059222966507173735;0,21000000000000002;0,2;0,3374000000000004;0,2;0,2;0,2;0,20980000000000004;0,2;ImprovingMoreOrEqual;ImprovingMoreOrEqual;ImprovingMoreOrEqual;ImprovingMoreOrEqual;ImprovingMoreOrEqual;ImprovingMoreOrEqual;ImprovingMoreOrEqual;ImprovingMoreOrEqual
194;0,747;0,059091121743749975;0,21000000000000002;0,2;0,3274000000000004;0,2;0,2;0,2;0,20980000000000004;0,2;ImprovingMoreOrEqual;ImprovingMoreOrEqual;ImprovingMoreOrEqual;ImprovingMoreOrEqual;ImprovingMoreOrEqual;ImprovingMoreOrEqual;ImprovingMoreOrEqual;ImprovingMoreOrEqual
197;0,757;0,05909048378521742;0,21000000000000002;0,2;0,3274000000000004;0,2;0,2;0,2;0,21980000000000005;0,2;ImprovingMoreOrEqual;ImprovingMoreOrEqual;ImprovingMoreOrEqual;ImprovingMoreOrEqual;ImprovingMoreOrEqual;ImprovingMoreOrEqual;ImprovingMoreOrEqual;ImprovingMoreOrEqual
199;0,764;0,05906028708133637;0,21000000000000002;0,2;0,3174000000000004;0,2;0,2;0,2;0,21980000000000005;0,2;ImprovingMoreOrEqual;ImprovingMoreOrEqual;ImprovingMoreOrEqual;ImprovingMoreOrEqual;ImprovingMoreOrEqual;ImprovingMoreOrEqual;ImprovingMoreOrEqual;ImprovingMoreOrEqual
207;0,783;0,05905858585858248;0,20950000000000002;0,2;0,3172000000000004;0,2;0,2;0,2;0,20980000000000004;0,2;ImprovingMoreOrEqual;ImprovingMoreOrEqual;ImprovingMoreOrEqual;ImprovingMoreOrEqual;ImprovingMoreOrEqual;ImprovingMoreOrEqual;ImprovingMoreOrEqual;ImprovingMoreOrEqual
208;0,791;0,05904965443912491;0,20950000000000002;0,2;0,3172000000000004;0,2;0,2;0,2;0,2;0,2;ImprovingMoreOrEqual;ImprovingMoreOrEqual;ImprovingMoreOrEqual;ImprovingMoreOrEqual;ImprovingMoreOrEqual;ImprovingMoreOrEqual;ImprovingMoreOrEqual;ImprovingMoreOrEqual
209;0,797;0,059041998936732454;0,20950000000000002;0,2;0,3072000000000004;0,2;0,2;0,2;0,2;0,2;ImprovingMoreOrEqual;ImprovingMoreOrEqual;ImprovingMoreOrEqual;ImprovingMoreOrEqual;ImprovingMoreOrEqual;ImprovingMoreOrEqual;ImprovingMoreOrEqual;ImprovingMoreOrEqual
211;0,809;0,05899521531100127;0,20950000000000002;0,2;0,3072000000000004;0,2;0,2;0,2;0,2;0,2;ImprovingMoreOrEqual;ImprovingMoreOrEqual;ImprovingMoreOrEqual;ImprovingMoreOrEqual;ImprovingMoreOrEqual;ImprovingMoreOrEqual;ImprovingMoreOrEqual;ImprovingMoreOrEqual
212;0,815;0,05899436469962449;0,20950000000000002;0,2;0,3172000000000004;0,2;0,2;0,2;0,2;0,2;ImprovingMoreOrEqual;ImprovingMoreOrEqual;ImprovingMoreOrEqual;ImprovingMoreOrEqual;ImprovingMoreOrEqual;ImprovingMoreOrEqual;ImprovingMoreOrEqual;ImprovingMoreOrEqual
218;0,827;0,05868814460393057;0,20900000000000002;0,2;0,31710000000000044;0,2;0,2;0,2;0,2;0,2;ImprovingMoreOrEqual;ImprovingMoreOrEqual;ImprovingMoreOrEqual;ImprovingMoreOrEqual;ImprovingMoreOrEqual;ImprovingMoreOrEqual;ImprovingMoreOrEqual;ImprovingMoreOrEqual
219;0,833;0,05867177033492477;0,20900000000000002;0,2;0,31710000000000044;0,2;0,2;0,2;0,21000000000000002;0,2;ImprovingMoreOrEqual;ImprovingMoreOrEqual;ImprovingMoreOrEqual;ImprovingMoreOrEqual;ImprovingMoreOrEqual;ImprovingMoreOrEqual;ImprovingMoreOrEqual;ImprovingMoreOrEqual
220;0,841;0,05867028176501521;0,20900000000000002;0,2;0,32710000000000045;0,2;0,2;0,2;0,21000000000000002;0,2;ImprovingMoreOrEqual;ImprovingMoreOrEqual;ImprovingMoreOrEqual;ImprovingMoreOrEqual;ImprovingMoreOrEqual;ImprovingMoreOrEqual;ImprovingMoreOrEqual;ImprovingMoreOrEqual
221;0,847;0,058652418926099625;0,20900000000000002;0,2;0,33710000000000045;0,2;0,2;0,2;0,21000000000000002;0,2;ImprovingMoreOrEqual;ImprovingMoreOrEqual;ImprovingMoreOrEqual;ImprovingMoreOrEqual;ImprovingMoreOrEqual;ImprovingMoreOrEqual;ImprovingMoreOrEqual;ImprovingMoreOrEqual
225;0,863;0,05864646464646117;0,20900000000000002;0,2;0,34710000000000046;0,2;0,2;0,2;0,20990000000000003;0,2;ImprovingMoreOrEqual;ImprovingMoreOrEqual;ImprovingMoreOrEqual;ImprovingMoreOrEqual;ImprovingMoreOrEqual;ImprovingMoreOrEqual;ImprovingMoreOrEqual;ImprovingMoreOrEqual
226;0,869;0,05864476342370728;0,20900000000000002;0,2;0,3571000000000005;0,2;0,2;0,2;0,20990000000000003;0,2;ImprovingMoreOrEqual;ImprovingMoreOrEqual;ImprovingMoreOrEqual;ImprovingMoreOrEqual;ImprovingMoreOrEqual;ImprovingMoreOrEqual;ImprovingMoreOrEqual;ImprovingMoreOrEqual
233;0,893;0,05863455608718415;0,20900000000000002;0,2;0,3570000000000005;0,2;0,2;0,2;0,21990000000000004;0,2;ImprovingMoreOrEqual;ImprovingMoreOrEqual;ImprovingMoreOrEqual;ImprovingMoreOrEqual;ImprovingMoreOrEqual;ImprovingMoreOrEqual;ImprovingMoreOrEqual;ImprovingMoreOrEqual
234;0,901;0,05862966507176681;0,20900000000000002;0,2;0,3570000000000005;0,2;0,2;0,2;0,22990000000000005;0,2;ImprovingMoreOrEqual;ImprovingMoreOrEqual;ImprovingMoreOrEqual;ImprovingMoreOrEqual;ImprovingMoreOrEqual;ImprovingMoreOrEqual;ImprovingMoreOrEqual;ImprovingMoreOrEqual
236;0,91;0,0581141945773489;0,20900000000000002;0,2;0,3670000000000005;0,2;0,2;0,2;0,22990000000000005;0,2;ImprovingMoreOrEqual;ImprovingMoreOrEqual;ImprovingMoreOrEqual;ImprovingMoreOrEqual;ImprovingMoreOrEqual;ImprovingMoreOrEqual;ImprovingMoreOrEqual;ImprovingMoreOrEqual
237;0,916;0,058109941520464226;0,20900000000000002;0,2;0,3770000000000005;0,2;0,2;0,2;0,22990000000000005;0,2;ImprovingMoreOrEqual;ImprovingMoreOrEqual;ImprovingMoreOrEqual;ImprovingMoreOrEqual;ImprovingMoreOrEqual;ImprovingMoreOrEqual;ImprovingMoreOrEqual;ImprovingMoreOrEqual
246;0,947;0,058039128123335004;0,20900000000000002;0,2;0,3768000000000005;0,2;0,2;0,2;0,22980000000000006;0,2;ImprovingMoreOrEqual;ImprovingMoreOrEqual;ImprovingMoreOrEqual;ImprovingMoreOrEqual;ImprovingMoreOrEqual;ImprovingMoreOrEqual;ImprovingMoreOrEqual;ImprovingMoreOrEqual
247;0,953;0,05803147262094266;0,20900000000000002;0,2;0,38680000000000053;0,2;0,2;0,2;0,22980000000000006;0,2;ImprovingMoreOrEqual;ImprovingMoreOrEqual;ImprovingMoreOrEqual;ImprovingMoreOrEqual;ImprovingMoreOrEqual;ImprovingMoreOrEqual;ImprovingMoreOrEqual;ImprovingMoreOrEqual
253;0,971;0,058030196703877324;0,20900000000000002;0,2;0,38670000000000054;0,2;0,2;0,2;0,22980000000000006;0,2;ImprovingMoreOrEqual;ImprovingMoreOrEqual;ImprovingMoreOrEqual;ImprovingMoreOrEqual;ImprovingMoreOrEqual;ImprovingMoreOrEqual;ImprovingMoreOrEqual;ImprovingMoreOrEqual
266;1,01;0,058026368952681096;0,20900000000000002;0,2;0,38660000000000055;0,2;0,2;0,2;0,22970000000000007;0,2;ImprovingMoreOrEqual;ImprovingMoreOrEqual;ImprovingMoreOrEqual;ImprovingMoreOrEqual;ImprovingMoreOrEqual;ImprovingMoreOrEqual;ImprovingMoreOrEqual;ImprovingMoreOrEqual
292;1,073;0,0578579479000495;0,20850000000000002;0,2;0,3860000000000006;0,2;0,21000000000000002;0,2;0,2295000000000001;0,2;ImprovingMoreOrEqual;ImprovingMoreOrEqual;ImprovingMoreOrEqual;ImprovingMoreOrEqual;ImprovingMoreOrEqual;ImprovingMoreOrEqual;ImprovingMoreOrEqual;ImprovingMoreOrEqual
294;1,087;0,05770866560339871;0,20850000000000002;0,2;0,3860000000000006;0,2;0,21000000000000002;0,2;0,2295000000000001;0,2;ImprovingMoreOrEqual;ImprovingMoreOrEqual;ImprovingMoreOrEqual;ImprovingMoreOrEqual;ImprovingMoreOrEqual;ImprovingMoreOrEqual;ImprovingMoreOrEqual;ImprovingMoreOrEqual
295;1,093;0,054862776445506634;0,20850000000000002;0,2;0,3760000000000006;0,2;0,21000000000000002;0,2;0,2295000000000001;0,2;ImprovingMoreOrEqual;ImprovingMoreOrEqual;ImprovingMoreOrEqual;ImprovingMoreOrEqual;ImprovingMoreOrEqual;ImprovingMoreOrEqual;ImprovingMoreOrEqual;ImprovingMoreOrEqual
296;1,099;0,054847641886487164;0,20850000000000002;0,2;0,3860000000000006;0,2;0,21000000000000002;0,2;0,2295000000000001;0,2;ImprovingMoreOrEqual;ImprovingMoreOrEqual;ImprovingMoreOrEqual;ImprovingMoreOrEqual;ImprovingMoreOrEqual;ImprovingMoreOrEqual;ImprovingMoreOrEqual;ImprovingMoreOrEqual
298;1,109;0,05483996802557589;0,20850000000000002;0,2;0,39600000000000063;0,2;0,21000000000000002;0,2;0,2294000000000001;0,2;ImprovingMoreOrEqual;ImprovingMoreOrEqual;ImprovingMoreOrEqual;ImprovingMoreOrEqual;ImprovingMoreOrEqual;ImprovingMoreOrEqual;ImprovingMoreOrEqual;ImprovingMoreOrEqual
299;1,119;0,054839328537166554;0,20850000000000002;0,2;0,39600000000000063;0,2;0,21000000000000002;0,2;0,2394000000000001;0,2;ImprovingMoreOrEqual;ImprovingMoreOrEqual;ImprovingMoreOrEqual;ImprovingMoreOrEqual;ImprovingMoreOrEqual;ImprovingMoreOrEqual;ImprovingMoreOrEqual;ImprovingMoreOrEqual
301;1,129;0,054825259792162684;0,20850000000000002;0,2;0,3860000000000006;0,2;0,21000000000000002;0,2;0,2394000000000001;0,2;ImprovingMoreOrEqual;ImprovingMoreOrEqual;ImprovingMoreOrEqual;ImprovingMoreOrEqual;ImprovingMoreOrEqual;ImprovingMoreOrEqual;ImprovingMoreOrEqual;ImprovingMoreOrEqual
303;1,137;0,05482057021049458;0,20850000000000002;0,2;0,3860000000000006;0,2;0,21000000000000002;0,2;0,2394000000000001;0,2;ImprovingMoreOrEqual;ImprovingMoreOrEqual;ImprovingMoreOrEqual;ImprovingMoreOrEqual;ImprovingMoreOrEqual;ImprovingMoreOrEqual;ImprovingMoreOrEqual;ImprovingMoreOrEqual
305;1,147;0,054686703970153405;0,20850000000000002;0,2;0,3760000000000006;0,2;0,21000000000000002;0,2;0,23930000000000012;0,2;ImprovingMoreOrEqual;ImprovingMoreOrEqual;ImprovingMoreOrEqual;ImprovingMoreOrEqual;ImprovingMoreOrEqual;ImprovingMoreOrEqual;ImprovingMoreOrEqual;ImprovingMoreOrEqual
307;1,156;0,054339248601115386;0,20850000000000002;0,2;0,3860000000000006;0,2;0,21000000000000002;0,2;0,23930000000000012;0,2;ImprovingMoreOrEqual;ImprovingMoreOrEqual;ImprovingMoreOrEqual;ImprovingMoreOrEqual;ImprovingMoreOrEqual;ImprovingMoreOrEqual;ImprovingMoreOrEqual;ImprovingMoreOrEqual
318;1,184;0,05430642152943943;0,20800000000000002;0,2;0,3855000000000007;0,2;0,22000000000000003;0,2;0,23930000000000012;0,2;ImprovingMoreOrEqual;ImprovingMoreOrEqual;ImprovingMoreOrEqual;ImprovingMoreOrEqual;ImprovingMoreOrEqual;ImprovingMoreOrEqual;ImprovingMoreOrEqual;ImprovingMoreOrEqual
322;1,198;0,05425526245669754;0,20800000000000002;0,2;0,3855000000000007;0,2;0,21000000000000002;0,2;0,23930000000000012;0,2;ImprovingMoreOrEqual;ImprovingMoreOrEqual;ImprovingMoreOrEqual;ImprovingMoreOrEqual;ImprovingMoreOrEqual;ImprovingMoreOrEqual;ImprovingMoreOrEqual;ImprovingMoreOrEqual
329;1,23;0,05423778310684402;0,20800000000000002;0,2;0,3854000000000007;0,2;0,2;0,2;0,23910000000000015;0,2;ImprovingMoreOrEqual;ImprovingMoreOrEqual;ImprovingMoreOrEqual;ImprovingMoreOrEqual;ImprovingMoreOrEqual;ImprovingMoreOrEqual;ImprovingMoreOrEqual;ImprovingMoreOrEqual
332;1,245;0,05421966426858127;0,20800000000000002;0,2;0,3853000000000007;0,2;0,21000000000000002;0,2;0,23910000000000015;0,2;ImprovingMoreOrEqual;ImprovingMoreOrEqual;ImprovingMoreOrEqual;ImprovingMoreOrEqual;ImprovingMoreOrEqual;ImprovingMoreOrEqual;ImprovingMoreOrEqual;ImprovingMoreOrEqual
358;1,37;0,054212416733276036;0,20800000000000002;0,2;0,38490000000000074;0,2;0,20990000000000003;0,2;0,24910000000000015;0,2;ImprovingMoreOrEqual;ImprovingMoreOrEqual;ImprovingMoreOrEqual;ImprovingMoreOrEqual;ImprovingMoreOrEqual;ImprovingMoreOrEqual;ImprovingMoreOrEqual;ImprovingMoreOrEqual
359;1,376;0,05421028510524517;0,20800000000000002;0,2;0,37490000000000073;0,2;0,20990000000000003;0,2;0,24910000000000015;0,2;ImprovingMoreOrEqual;ImprovingMoreOrEqual;ImprovingMoreOrEqual;ImprovingMoreOrEqual;ImprovingMoreOrEqual;ImprovingMoreOrEqual;ImprovingMoreOrEqual;ImprovingMoreOrEqual
374;1,413;0,054208153477214305;0,20800000000000002;0,2;0,37460000000000077;0,2;0,20990000000000003;0,2;0,2590000000000002;0,2;ImprovingMoreOrEqual;ImprovingMoreOrEqual;ImprovingMoreOrEqual;ImprovingMoreOrEqual;ImprovingMoreOrEqual;ImprovingMoreOrEqual;ImprovingMoreOrEqual;ImprovingMoreOrEqual
377;1,425;0,05420794031441112;0,20800000000000002;0,2;0,3744000000000008;0,2;0,20990000000000003;0,2;0,24900000000000017;0,2;ImprovingMoreOrEqual;ImprovingMoreOrEqual;ImprovingMoreOrEqual;ImprovingMoreOrEqual;ImprovingMoreOrEqual;ImprovingMoreOrEqual;ImprovingMoreOrEqual;ImprovingMoreOrEqual
384;1,441;0,05357676525445898;0,20800000000000002;0,2;0,3842000000000008;0,2;0,20990000000000003;0,2;0,24900000000000017;0,2;ImprovingMoreOrEqual;ImprovingMoreOrEqual;ImprovingMoreOrEqual;ImprovingMoreOrEqual;ImprovingMoreOrEqual;ImprovingMoreOrEqual;ImprovingMoreOrEqual;ImprovingMoreOrEqual
388;1,456;0,05351963762323064;0,20750000000000002;0,2;0,3942000000000008;0,2;0,20990000000000003;0,2;0,24900000000000017;0,2;ImprovingMoreOrEqual;ImprovingMoreOrEqual;ImprovingMoreOrEqual;ImprovingMoreOrEqual;ImprovingMoreOrEqual;ImprovingMoreOrEqual;ImprovingMoreOrEqual;ImprovingMoreOrEqual
389;1,463;0,05351771915800285;0,20750000000000002;0,2;0,3842000000000008;0,2;0,20990000000000003;0,2;0,24900000000000017;0,2;ImprovingMoreOrEqual;ImprovingMoreOrEqual;ImprovingMoreOrEqual;ImprovingMoreOrEqual;ImprovingMoreOrEqual;ImprovingMoreOrEqual;ImprovingMoreOrEqual;ImprovingMoreOrEqual
390;1,469;0,05349299227284443;0,20750000000000002;0,2;0,3742000000000008;0,2;0,20990000000000003;0,2;0,24900000000000017;0,2;ImprovingMoreOrEqual;ImprovingMoreOrEqual;ImprovingMoreOrEqual;ImprovingMoreOrEqual;ImprovingMoreOrEqual;ImprovingMoreOrEqual;ImprovingMoreOrEqual;ImprovingMoreOrEqual
394;1,489;0,053418172128959496;0,20750000000000002;0,2;0,3741000000000008;0,2;0,21980000000000005;0,2;0,24900000000000017;0,2;ImprovingMoreOrEqual;ImprovingMoreOrEqual;ImprovingMoreOrEqual;ImprovingMoreOrEqual;ImprovingMoreOrEqual;ImprovingMoreOrEqual;ImprovingMoreOrEqual;ImprovingMoreOrEqual
397;1,503;0,0533132960298387;0,20750000000000002;0,2;0,37400000000000083;0,2;0,21980000000000005;0,2;0,24900000000000017;0,2;ImprovingMoreOrEqual;ImprovingMoreOrEqual;ImprovingMoreOrEqual;ImprovingMoreOrEqual;ImprovingMoreOrEqual;ImprovingMoreOrEqual;ImprovingMoreOrEqual;ImprovingMoreOrEqual
398;1,509;0,05042329059828654;0,20750000000000002;0,2;0,38400000000000084;0,2;0,21980000000000005;0,2;0,24900000000000017;0,2;ImprovingMoreOrEqual;ImprovingMoreOrEqual;ImprovingMoreOrEqual;ImprovingMoreOrEqual;ImprovingMoreOrEqual;ImprovingMoreOrEqual;ImprovingMoreOrEqual;ImprovingMoreOrEqual
400;1,517;0,050419017094012974;0,20750000000000002;0,2;0,38400000000000084;0,2;0,21980000000000005;0,2;0,2590000000000002;0,2;ImprovingMoreOrEqual;ImprovingMoreOrEqual;ImprovingMoreOrEqual;ImprovingMoreOrEqual;ImprovingMoreOrEqual;ImprovingMoreOrEqual;ImprovingMoreOrEqual;ImprovingMoreOrEqual
407;1,538;0,050415598290594166;0,20750000000000002;0,2;0,38380000000000086;0,2;0,21980000000000005;0,2;0,2590000000000002;0,2;ImprovingMoreOrEqual;ImprovingMoreOrEqual;ImprovingMoreOrEqual;ImprovingMoreOrEqual;ImprovingMoreOrEqual;ImprovingMoreOrEqual;ImprovingMoreOrEqual;ImprovingMoreOrEqual
408;1,547;0,05041538461538042;0,20750000000000002;0,2;0,38380000000000086;0,2;0,21980000000000005;0,2;0,2690000000000002;0,2;ImprovingMoreOrEqual;ImprovingMoreOrEqual;ImprovingMoreOrEqual;ImprovingMoreOrEqual;ImprovingMoreOrEqual;ImprovingMoreOrEqual;ImprovingMoreOrEqual;ImprovingMoreOrEqual
409;1,556;0,05041303418802989;0,20750000000000002;0,2;0,38380000000000086;0,2;0,22980000000000006;0,2;0,2690000000000002;0,2;ImprovingMoreOrEqual;ImprovingMoreOrEqual;ImprovingMoreOrEqual;ImprovingMoreOrEqual;ImprovingMoreOrEqual;ImprovingMoreOrEqual;ImprovingMoreOrEqual;ImprovingMoreOrEqual
411;1,566;0,05036773504273073;0,20750000000000002;0,2;0,39380000000000087;0,2;0,22980000000000006;0,2;0,2689000000000002;0,2;ImprovingMoreOrEqual;ImprovingMoreOrEqual;ImprovingMoreOrEqual;ImprovingMoreOrEqual;ImprovingMoreOrEqual;ImprovingMoreOrEqual;ImprovingMoreOrEqual;ImprovingMoreOrEqual
413;1,573;0,05007606837606393;0,20700000000000002;0,2;0,4038000000000009;0,2;0,22980000000000006;0,2;0,2689000000000002;0,2;ImprovingMoreOrEqual;ImprovingMoreOrEqual;ImprovingMoreOrEqual;ImprovingMoreOrEqual;ImprovingMoreOrEqual;ImprovingMoreOrEqual;ImprovingMoreOrEqual;ImprovingMoreOrEqual
414;1,581;0,05006965811965369;0,20700000000000002;0,2;0,4038000000000009;0,2;0,22980000000000006;0,2;0,2689000000000002;0,2;ImprovingMoreOrEqual;ImprovingMoreOrEqual;ImprovingMoreOrEqual;ImprovingMoreOrEqual;ImprovingMoreOrEqual;ImprovingMoreOrEqual;ImprovingMoreOrEqual;ImprovingMoreOrEqual
415;1,587;0,0500465811965769;0,20700000000000002;0,2;0,4138000000000009;0,2;0,22980000000000006;0,2;0,2689000000000002;0,2;ImprovingMoreOrEqual;ImprovingMoreOrEqual;ImprovingMoreOrEqual;ImprovingMoreOrEqual;ImprovingMoreOrEqual;ImprovingMoreOrEqual;ImprovingMoreOrEqual;ImprovingMoreOrEqual
416;1,595;0,049726282051277826;0,20700000000000002;0,2;0,4038000000000009;0,2;0,22980000000000006;0,2;0,2689000000000002;0,2;ImprovingMoreOrEqual;ImprovingMoreOrEqual;ImprovingMoreOrEqual;ImprovingMoreOrEqual;ImprovingMoreOrEqual;ImprovingMoreOrEqual;ImprovingMoreOrEqual;ImprovingMoreOrEqual
418;1,605;0,04897051282050857;0,20700000000000002;0,2;0,39380000000000087;0,2;0,22980000000000006;0,2;0,2688000000000002;0,2;ImprovingMoreOrEqual;ImprovingMoreOrEqual;ImprovingMoreOrEqual;ImprovingMoreOrEqual;ImprovingMoreOrEqual;ImprovingMoreOrEqual;ImprovingMoreOrEqual;ImprovingMoreOrEqual
420;1,611;0,04594870147255259;0,20700000000000002;0,2;0,39380000000000087;0,2;0,22980000000000006;0,2;0,2688000000000002;0,2;ImprovingMoreOrEqual;ImprovingMoreOrEqual;ImprovingMoreOrEqual;ImprovingMoreOrEqual;ImprovingMoreOrEqual;ImprovingMoreOrEqual;ImprovingMoreOrEqual;ImprovingMoreOrEqual
423;1,623;0,04589322623828218;0,20700000000000002;0,2;0,39380000000000087;0,2;0,23980000000000007;0,2;0,2688000000000002;0,2;ImprovingMoreOrEqual;ImprovingMoreOrEqual;ImprovingMoreOrEqual;ImprovingMoreOrEqual;ImprovingMoreOrEqual;ImprovingMoreOrEqual;ImprovingMoreOrEqual;ImprovingMoreOrEqual
425;1,632;0,04580112449798779;0,20700000000000002;0,2;0,38380000000000086;0,2;0,23980000000000007;0,2;0,2688000000000002;0,2;ImprovingMoreOrEqual;ImprovingMoreOrEqual;ImprovingMoreOrEqual;ImprovingMoreOrEqual;ImprovingMoreOrEqual;ImprovingMoreOrEqual;ImprovingMoreOrEqual;ImprovingMoreOrEqual
427;1,64;0,04577178045514996;0,20650000000000002;0,2;0,39380000000000087;0,2;0,23980000000000007;0,2;0,2688000000000002;0,2;ImprovingMoreOrEqual;ImprovingMoreOrEqual;ImprovingMoreOrEqual;ImprovingMoreOrEqual;ImprovingMoreOrEqual;ImprovingMoreOrEqual;ImprovingMoreOrEqual;ImprovingMoreOrEqual
429;1,649;0,04576235609102686;0,20650000000000002;0,2;0,4038000000000009;0,2;0,23980000000000007;0,2;0,2687000000000002;0,2;ImprovingMoreOrEqual;ImprovingMoreOrEqual;ImprovingMoreOrEqual;ImprovingMoreOrEqual;ImprovingMoreOrEqual;ImprovingMoreOrEqual;ImprovingMoreOrEqual;ImprovingMoreOrEqual
430;1,656;0,04513949129852368;0,20650000000000002;0,2;0,4038000000000009;0,2;0,23980000000000007;0,2;0,2687000000000002;0,2;ImprovingMoreOrEqual;ImprovingMoreOrEqual;ImprovingMoreOrEqual;ImprovingMoreOrEqual;ImprovingMoreOrEqual;ImprovingMoreOrEqual;ImprovingMoreOrEqual;ImprovingMoreOrEqual
433;1,667;0,04446650602409297;0,20650000000000002;0,2;0,4138000000000009;0,2;0,23980000000000007;0,2;0,2686000000000002;0,2;ImprovingMoreOrEqual;ImprovingMoreOrEqual;ImprovingMoreOrEqual;ImprovingMoreOrEqual;ImprovingMoreOrEqual;ImprovingMoreOrEqual;ImprovingMoreOrEqual;ImprovingMoreOrEqual
434;1,673;0,04140526033279324;0,20650000000000002;0,2;0,4238000000000009;0,2;0,23980000000000007;0,2;0,2686000000000002;0,2;ImprovingMoreOrEqual;ImprovingMoreOrEqual;ImprovingMoreOrEqual;ImprovingMoreOrEqual;ImprovingMoreOrEqual;ImprovingMoreOrEqual;ImprovingMoreOrEqual;ImprovingMoreOrEqual
435;1,679;0,041319592055820586;0,20650000000000002;0,2;0,4238000000000009;0,2;0,23980000000000007;0,2;0,2686000000000002;0,2;ImprovingMoreOrEqual;ImprovingMoreOrEqual;ImprovingMoreOrEqual;ImprovingMoreOrEqual;ImprovingMoreOrEqual;ImprovingMoreOrEqual;ImprovingMoreOrEqual;ImprovingMoreOrEqual
437;1,689;0,041308856682766404;0,20650000000000002;0,2;0,4238000000000009;0,2;0,23980000000000007;0,2;0,26850000000000024;0,2;ImprovingMoreOrEqual;ImprovingMoreOrEqual;ImprovingMoreOrEqual;ImprovingMoreOrEqual;ImprovingMoreOrEqual;ImprovingMoreOrEqual;ImprovingMoreOrEqual;ImprovingMoreOrEqual
438;1,695;0,04129812130971211;0,20650000000000002;0,2;0,4338000000000009;0,2;0,23980000000000007;0,2;0,26850000000000024;0,2;ImprovingMoreOrEqual;ImprovingMoreOrEqual;ImprovingMoreOrEqual;ImprovingMoreOrEqual;ImprovingMoreOrEqual;ImprovingMoreOrEqual;ImprovingMoreOrEqual;ImprovingMoreOrEqual
439;1,701;0,041295544820179164;0,20650000000000002;0,2;0,4238000000000009;0,2;0,23980000000000007;0,2;0,26850000000000024;0,2;ImprovingMoreOrEqual;ImprovingMoreOrEqual;ImprovingMoreOrEqual;ImprovingMoreOrEqual;ImprovingMoreOrEqual;ImprovingMoreOrEqual;ImprovingMoreOrEqual;ImprovingMoreOrEqual
440;1,708;0,041270424047232246;0,20650000000000002;0,2;0,4338000000000009;0,2;0,23980000000000007;0,2;0,26850000000000024;0,2;ImprovingMoreOrEqual;ImprovingMoreOrEqual;ImprovingMoreOrEqual;ImprovingMoreOrEqual;ImprovingMoreOrEqual;ImprovingMoreOrEqual;ImprovingMoreOrEqual;ImprovingMoreOrEqual
441;1,714;0,041255609232417556;0,20650000000000002;0,2;0,4438000000000009;0,2;0,23980000000000007;0,2;0,26850000000000024;0,2;ImprovingMoreOrEqual;ImprovingMoreOrEqual;ImprovingMoreOrEqual;ImprovingMoreOrEqual;ImprovingMoreOrEqual;ImprovingMoreOrEqual;ImprovingMoreOrEqual;ImprovingMoreOrEqual
446;1,732;0,04124487385936326;0,20650000000000002;0,2;0,44360000000000094;0,2;0,22980000000000006;0,2;0,26850000000000024;0,2;ImprovingMoreOrEqual;ImprovingMoreOrEqual;ImprovingMoreOrEqual;ImprovingMoreOrEqual;ImprovingMoreOrEqual;ImprovingMoreOrEqual;ImprovingMoreOrEqual;ImprovingMoreOrEqual
447;1,738;0,04115469672570793;0,20650000000000002;0,2;0,43360000000000093;0,2;0,22980000000000006;0,2;0,26850000000000024;0,2;ImprovingMoreOrEqual;ImprovingMoreOrEqual;ImprovingMoreOrEqual;ImprovingMoreOrEqual;ImprovingMoreOrEqual;ImprovingMoreOrEqual;ImprovingMoreOrEqual;ImprovingMoreOrEqual
448;1,744;0,041154482018246785;0,20650000000000002;0,2;0,44360000000000094;0,2;0,22980000000000006;0,2;0,26850000000000024;0,2;ImprovingMoreOrEqual;ImprovingMoreOrEqual;ImprovingMoreOrEqual;ImprovingMoreOrEqual;ImprovingMoreOrEqual;ImprovingMoreOrEqual;ImprovingMoreOrEqual;ImprovingMoreOrEqual
450;1,754;0,04103059581320112;0,20650000000000002;0,2;0,45360000000000095;0,2;0,22980000000000006;0,2;0,26850000000000024;0,2;ImprovingMoreOrEqual;ImprovingMoreOrEqual;ImprovingMoreOrEqual;ImprovingMoreOrEqual;ImprovingMoreOrEqual;ImprovingMoreOrEqual;ImprovingMoreOrEqual;ImprovingMoreOrEqual
451;1,76;0,03988470209339445;0,20650000000000002;0,2;0,45360000000000095;0,2;0,22980000000000006;0,2;0,26850000000000024;0,2;ImprovingMoreOrEqual;ImprovingMoreOrEqual;ImprovingMoreOrEqual;ImprovingMoreOrEqual;ImprovingMoreOrEqual;ImprovingMoreOrEqual;ImprovingMoreOrEqual;ImprovingMoreOrEqual
452;1,767;0,03986344605474701;0,20650000000000002;0,2;0,45360000000000095;0,2;0,22980000000000006;0,2;0,26850000000000024;0,2;ImprovingMoreOrEqual;ImprovingMoreOrEqual;ImprovingMoreOrEqual;ImprovingMoreOrEqual;ImprovingMoreOrEqual;ImprovingMoreOrEqual;ImprovingMoreOrEqual;ImprovingMoreOrEqual
463;1,795;0,03984906065485416;0,20650000000000002;0,2;0,46260000000000095;0,2;0,22980000000000006;0,2;0,26840000000000025;0,2;ImprovingMoreOrEqual;ImprovingMoreOrEqual;ImprovingMoreOrEqual;ImprovingMoreOrEqual;ImprovingMoreOrEqual;ImprovingMoreOrEqual;ImprovingMoreOrEqual;ImprovingMoreOrEqual
472;1,822;0,03974428341384506;0,20600000000000002;0,2;0,46160000000000095;0,2;0,23970000000000008;0,2;0,26840000000000025;0,2;ImprovingMoreOrEqual;ImprovingMoreOrEqual;ImprovingMoreOrEqual;ImprovingMoreOrEqual;ImprovingMoreOrEqual;ImprovingMoreOrEqual;ImprovingMoreOrEqual;ImprovingMoreOrEqual
479;1,845;0,03974299516907853;0,20600000000000002;0,2;0,46060000000000095;0,2;0,23970000000000008;0,2;0,27840000000000026;0,2;ImprovingMoreOrEqual;ImprovingMoreOrEqual;ImprovingMoreOrEqual;ImprovingMoreOrEqual;ImprovingMoreOrEqual;ImprovingMoreOrEqual;ImprovingMoreOrEqual;ImprovingMoreOrEqual
480;1,851;0,03678923863330297;0,20600000000000002;0,2;0,46060000000000095;0,21000000000000002;0,23970000000000008;0,2;0,27840000000000026;0,2;ImprovingMoreOrEqual;ImprovingMoreOrEqual;ImprovingMoreOrEqual;ImprovingMoreOrEqual;ImprovingMoreOrEqual;ImprovingMoreOrEqual;ImprovingMoreOrEqual;ImprovingMoreOrEqual
482;1,86;0,036632983588912205;0,20600000000000002;0,2;0,47060000000000096;0,21000000000000002;0,23970000000000008;0,2;0,27840000000000026;0,2;ImprovingMoreOrEqual;ImprovingMoreOrEqual;ImprovingMoreOrEqual;ImprovingMoreOrEqual;ImprovingMoreOrEqual;ImprovingMoreOrEqual;ImprovingMoreOrEqual;ImprovingMoreOrEqual
483;1,867;0,03631294054344547;0,20600000000000002;0,2;0,48060000000000097;0,21000000000000002;0,23970000000000008;0,2;0,27840000000000026;0,2;ImprovingMoreOrEqual;ImprovingMoreOrEqual;ImprovingMoreOrEqual;ImprovingMoreOrEqual;ImprovingMoreOrEqual;ImprovingMoreOrEqual;ImprovingMoreOrEqual;ImprovingMoreOrEqual
485;1,878;0,03604476728544159;0,20600000000000002;0,2;0,490600000000001;0,21000000000000002;0,2396000000000001;0,2;0,27840000000000026;0,2;ImprovingMoreOrEqual;ImprovingMoreOrEqual;ImprovingMoreOrEqual;ImprovingMoreOrEqual;ImprovingMoreOrEqual;ImprovingMoreOrEqual;ImprovingMoreOrEqual;ImprovingMoreOrEqual
486;1,884;0,0354868980360471;0,20600000000000002;0,2;0,5006000000000009;0,21000000000000002;0,2396000000000001;0,2;0,27840000000000026;0,2;ImprovingMoreOrEqual;ImprovingMoreOrEqual;ImprovingMoreOrEqual;ImprovingMoreOrEqual;ImprovingMoreOrEqual;ImprovingMoreOrEqual;ImprovingMoreOrEqual;ImprovingMoreOrEqual
488;1,896;0,03548151735270033;0,20600000000000002;0,2;0,5006000000000009;0,21000000000000002;0,2395000000000001;0,2;0,26840000000000025;0,2;ImprovingMoreOrEqual;ImprovingMoreOrEqual;ImprovingMoreOrEqual;ImprovingMoreOrEqual;ImprovingMoreOrEqual;ImprovingMoreOrEqual;ImprovingMoreOrEqual;ImprovingMoreOrEqual
489;1,902;0,032203020496220924;0,20600000000000002;0,2;0,5106000000000009;0,21000000000000002;0,2395000000000001;0,2;0,26840000000000025;0,2;ImprovingMoreOrEqual;ImprovingMoreOrEqual;ImprovingMoreOrEqual;ImprovingMoreOrEqual;ImprovingMoreOrEqual;ImprovingMoreOrEqual;ImprovingMoreOrEqual;ImprovingMoreOrEqual
491;1,911;0,03220280474649051;0,20600000000000002;0,2;0,5106000000000009;0,20990000000000003;0,2395000000000001;0,2;0,26840000000000025;0,2;ImprovingMoreOrEqual;ImprovingMoreOrEqual;ImprovingMoreOrEqual;ImprovingMoreOrEqual;ImprovingMoreOrEqual;ImprovingMoreOrEqual;ImprovingMoreOrEqual;ImprovingMoreOrEqual
492;1,917;0,032064293419629575;0,20600000000000002;0,2;0,5006000000000009;0,20990000000000003;0,2395000000000001;0,2;0,26840000000000025;0,2;ImprovingMoreOrEqual;ImprovingMoreOrEqual;ImprovingMoreOrEqual;ImprovingMoreOrEqual;ImprovingMoreOrEqual;ImprovingMoreOrEqual;ImprovingMoreOrEqual;ImprovingMoreOrEqual
500;1,942;0,03206213592232643;0,20600000000000002;0,2;0,499100000000001;0,20990000000000003;0,2395000000000001;0,2;0,25830000000000025;0,2;ImprovingMoreOrEqual;ImprovingMoreOrEqual;ImprovingMoreOrEqual;ImprovingMoreOrEqual;ImprovingMoreOrEqual;ImprovingMoreOrEqual;ImprovingMoreOrEqual;ImprovingMoreOrEqual
507;1,963;0,03206084142394461;0,20550000000000002;0,2;0,499100000000001;0,20990000000000003;0,2395000000000001;0,2;0,25820000000000026;0,2;ImprovingMoreOrEqual;ImprovingMoreOrEqual;ImprovingMoreOrEqual;ImprovingMoreOrEqual;ImprovingMoreOrEqual;ImprovingMoreOrEqual;ImprovingMoreOrEqual;ImprovingMoreOrEqual
509;1,972;0,03196548004314659;0,20550000000000002;0,2;0,489100000000001;0,20980000000000004;0,2395000000000001;0,2;0,25820000000000026;0,2;ImprovingMoreOrEqual;ImprovingMoreOrEqual;ImprovingMoreOrEqual;ImprovingMoreOrEqual;ImprovingMoreOrEqual;ImprovingMoreOrEqual;ImprovingMoreOrEqual;ImprovingMoreOrEqual
510;1,979;0,031537001078745575;0,20550000000000002;0,2;0,499100000000001;0,20980000000000004;0,2395000000000001;0,2;0,25820000000000026;0,2;ImprovingMoreOrEqual;ImprovingMoreOrEqual;ImprovingMoreOrEqual;ImprovingMoreOrEqual;ImprovingMoreOrEqual;ImprovingMoreOrEqual;ImprovingMoreOrEqual;ImprovingMoreOrEqual
511;1,989;0,03146537216828171;0,20550000000000002;0,2;0,499100000000001;0,20980000000000004;0,2495000000000001;0,2;0,25820000000000026;0,2;ImprovingMoreOrEqual;ImprovingMoreOrEqual;ImprovingMoreOrEqual;ImprovingMoreOrEqual;ImprovingMoreOrEqual;ImprovingMoreOrEqual;ImprovingMoreOrEqual;ImprovingMoreOrEqual
512;1,996;0,03137044228694441;0,20550000000000002;0,2;0,499100000000001;0,20980000000000004;0,2495000000000001;0,2;0,25820000000000026;0,2;ImprovingMoreOrEqual;ImprovingMoreOrEqual;ImprovingMoreOrEqual;ImprovingMoreOrEqual;ImprovingMoreOrEqual;ImprovingMoreOrEqual;ImprovingMoreOrEqual;ImprovingMoreOrEqual
513;2,003;0,03127443365695526;0,20550000000000002;0,2;0,509100000000001;0,20980000000000004;0,2495000000000001;0,2;0,25820000000000026;0,2;ImprovingMoreOrEqual;ImprovingMoreOrEqual;ImprovingMoreOrEqual;ImprovingMoreOrEqual;ImprovingMoreOrEqual;ImprovingMoreOrEqual;ImprovingMoreOrEqual;ImprovingMoreOrEqual
514;2,01;0,03126494066882157;0,20550000000000002;0,2;0,509100000000001;0,20980000000000004;0,2495000000000001;0,2;0,25820000000000026;0,2;ImprovingMoreOrEqual;ImprovingMoreOrEqual;ImprovingMoreOrEqual;ImprovingMoreOrEqual;ImprovingMoreOrEqual;ImprovingMoreOrEqual;ImprovingMoreOrEqual;ImprovingMoreOrEqual
518;2,031;0,031228694714129035;0,20550000000000002;0,2;0,499100000000001;0,20980000000000004;0,2495000000000001;0,2;0,25820000000000026;0,2;ImprovingMoreOrEqual;ImprovingMoreOrEqual;ImprovingMoreOrEqual;ImprovingMoreOrEqual;ImprovingMoreOrEqual;ImprovingMoreOrEqual;ImprovingMoreOrEqual;ImprovingMoreOrEqual
519;2,041;0,031081121898595132;0,20550000000000002;0,2;0,499100000000001;0,20980000000000004;0,2595000000000001;0,2;0,25820000000000026;0,2;ImprovingMoreOrEqual;ImprovingMoreOrEqual;ImprovingMoreOrEqual;ImprovingMoreOrEqual;ImprovingMoreOrEqual;ImprovingMoreOrEqual;ImprovingMoreOrEqual;ImprovingMoreOrEqual
521;2,049;0,03063236245954437;0,20550000000000002;0,2;0,499100000000001;0,21980000000000005;0,2595000000000001;0,2;0,25820000000000026;0,2;ImprovingMoreOrEqual;ImprovingMoreOrEqual;ImprovingMoreOrEqual;ImprovingMoreOrEqual;ImprovingMoreOrEqual;ImprovingMoreOrEqual;ImprovingMoreOrEqual;ImprovingMoreOrEqual
522;2,055;0,027543444174098708;0,20550000000000002;0,2;0,509100000000001;0,21980000000000005;0,2595000000000001;0,2;0,25820000000000026;0,2;ImprovingMoreOrEqual;ImprovingMoreOrEqual;ImprovingMoreOrEqual;ImprovingMoreOrEqual;ImprovingMoreOrEqual;ImprovingMoreOrEqual;ImprovingMoreOrEqual;ImprovingMoreOrEqual
523;2,062;0,02753565828602078;0,20550000000000002;0,2;0,509100000000001;0,21980000000000005;0,2595000000000001;0,2;0,25820000000000026;0,2;ImprovingMoreOrEqual;ImprovingMoreOrEqual;ImprovingMoreOrEqual;ImprovingMoreOrEqual;ImprovingMoreOrEqual;ImprovingMoreOrEqual;ImprovingMoreOrEqual;ImprovingMoreOrEqual
526;2,076;0,02753003514463137;0,20550000000000002;0,2;0,499100000000001;0,21980000000000005;0,2595000000000001;0,2;0,25820000000000026;0,2;ImprovingMoreOrEqual;ImprovingMoreOrEqual;ImprovingMoreOrEqual;ImprovingMoreOrEqual;ImprovingMoreOrEqual;ImprovingMoreOrEqual;ImprovingMoreOrEqual;ImprovingMoreOrEqual
527;2,084;0,027502568261690064;0,20550000000000002;0,2;0,489100000000001;0,21980000000000005;0,2595000000000001;0,2;0,25820000000000026;0,2;ImprovingMoreOrEqual;ImprovingMoreOrEqual;ImprovingMoreOrEqual;ImprovingMoreOrEqual;ImprovingMoreOrEqual;ImprovingMoreOrEqual;ImprovingMoreOrEqual;ImprovingMoreOrEqual
528;2,092;0,02748613138685896;0,20550000000000002;0,2;0,489100000000001;0,21980000000000005;0,2595000000000001;0,2;0,25820000000000026;0,2;ImprovingMoreOrEqual;ImprovingMoreOrEqual;ImprovingMoreOrEqual;ImprovingMoreOrEqual;ImprovingMoreOrEqual;ImprovingMoreOrEqual;ImprovingMoreOrEqual;ImprovingMoreOrEqual
531;2,101;0,027484401189508345;0,20550000000000002;0,2;0,47910000000000097;0,21980000000000005;0,2595000000000001;0,2;0,25820000000000026;0,2;ImprovingMoreOrEqual;ImprovingMoreOrEqual;ImprovingMoreOrEqual;ImprovingMoreOrEqual;ImprovingMoreOrEqual;ImprovingMoreOrEqual;ImprovingMoreOrEqual;ImprovingMoreOrEqual
534;2,114;0,027474452554742346;0,20550000000000002;0,2;0,47910000000000097;0,21970000000000006;0,2595000000000001;0,2;0,2581000000000003;0,2;ImprovingMoreOrEqual;ImprovingMoreOrEqual;ImprovingMoreOrEqual;ImprovingMoreOrEqual;ImprovingMoreOrEqual;ImprovingMoreOrEqual;ImprovingMoreOrEqual;ImprovingMoreOrEqual
537;2,129;0,02745174371451553;0,20550000000000002;0,2;0,489100000000001;0,21970000000000006;0,2595000000000001;0,2;0,2579000000000003;0,2;ImprovingMoreOrEqual;ImprovingMoreOrEqual;ImprovingMoreOrEqual;ImprovingMoreOrEqual;ImprovingMoreOrEqual;ImprovingMoreOrEqual;ImprovingMoreOrEqual;ImprovingMoreOrEqual
539;2,137;0,027442443903755942;0,20550000000000002;0,2;0,499100000000001;0,21970000000000006;0,2595000000000001;0,2;0,2579000000000003;0,2;ImprovingMoreOrEqual;ImprovingMoreOrEqual;ImprovingMoreOrEqual;ImprovingMoreOrEqual;ImprovingMoreOrEqual;ImprovingMoreOrEqual;ImprovingMoreOrEqual;ImprovingMoreOrEqual
540;2,144;0,02696815355501303;0,20550000000000002;0,2;0,489100000000001;0,21970000000000006;0,2595000000000001;0,2;0,2579000000000003;0,2;ImprovingMoreOrEqual;ImprovingMoreOrEqual;ImprovingMoreOrEqual;ImprovingMoreOrEqual;ImprovingMoreOrEqual;ImprovingMoreOrEqual;ImprovingMoreOrEqual;ImprovingMoreOrEqual
542;2,154;0,026943065693428858;0,20550000000000002;0,2;0,499100000000001;0,21970000000000006;0,2595000000000001;0,2;0,2579000000000003;0,2;ImprovingMoreOrEqual;ImprovingMoreOrEqual;ImprovingMoreOrEqual;ImprovingMoreOrEqual;ImprovingMoreOrEqual;ImprovingMoreOrEqual;ImprovingMoreOrEqual;ImprovingMoreOrEqual
544;2,162;0,026521762638549218;0,20550000000000002;0,2;0,489100000000001;0,21960000000000007;0,2595000000000001;0,2;0,2579000000000003;0,2;ImprovingMoreOrEqual;ImprovingMoreOrEqual;ImprovingMoreOrEqual;ImprovingMoreOrEqual;ImprovingMoreOrEqual;ImprovingMoreOrEqual;ImprovingMoreOrEqual;ImprovingMoreOrEqual
548;2,181;0,026520681265205237;0,20550000000000002;0,2;0,499100000000001;0,21960000000000007;0,25940000000000013;0,2;0,2579000000000003;0,2;ImprovingMoreOrEqual;ImprovingMoreOrEqual;ImprovingMoreOrEqual;ImprovingMoreOrEqual;ImprovingMoreOrEqual;ImprovingMoreOrEqual;ImprovingMoreOrEqual;ImprovingMoreOrEqual
591;2,281;0,026520248715867445;0,20550000000000002;0,2;0,494600000000001;0,21960000000000007;0,25910000000000016;0,2;0,2577000000000003;0,2;ImprovingMoreOrEqual;ImprovingMoreOrEqual;ImprovingMoreOrEqual;ImprovingMoreOrEqual;ImprovingMoreOrEqual;ImprovingMoreOrEqual;ImprovingMoreOrEqual;ImprovingMoreOrEqual
634;2,384;0,026432873749660413;0,20550000000000002;0,2;0,488100000000001;0,2194000000000001;0,2689000000000002;0,2;0,25760000000000033;0,2;ImprovingMoreOrEqual;ImprovingMoreOrEqual;ImprovingMoreOrEqual;ImprovingMoreOrEqual;ImprovingMoreOrEqual;ImprovingMoreOrEqual;ImprovingMoreOrEqual;ImprovingMoreOrEqual
662;2,46;0,02643200865098516;0,20450000000000002;0,2;0,483600000000001;0,21920000000000012;0,2689000000000002;0,2;0,24760000000000032;0,2;ImprovingMoreOrEqual;ImprovingMoreOrEqual;ImprovingMoreOrEqual;ImprovingMoreOrEqual;ImprovingMoreOrEqual;ImprovingMoreOrEqual;ImprovingMoreOrEqual;ImprovingMoreOrEqual
680;2,512;0,02643157610164759;0,20450000000000002;0,2;0,483100000000001;0,21920000000000012;0,2688000000000002;0,2;0,23720000000000036;0,2;ImprovingMoreOrEqual;ImprovingMoreOrEqual;ImprovingMoreOrEqual;ImprovingMoreOrEqual;ImprovingMoreOrEqual;ImprovingMoreOrEqual;ImprovingMoreOrEqual;ImprovingMoreOrEqual
683;2,527;0,026429629629628026;0,20450000000000002;0,2;0,483100000000001;0,21920000000000012;0,2688000000000002;0,2;0,23710000000000037;0,2;ImprovingMoreOrEqual;ImprovingMoreOrEqual;ImprovingMoreOrEqual;ImprovingMoreOrEqual;ImprovingMoreOrEqual;ImprovingMoreOrEqual;ImprovingMoreOrEqual;ImprovingMoreOrEqual
684;2,533;0,026409732360095806;0,20450000000000002;0,2;0,483100000000001;0,21920000000000012;0,2688000000000002;0,2;0,23710000000000037;0,2;ImprovingMoreOrEqual;ImprovingMoreOrEqual;ImprovingMoreOrEqual;ImprovingMoreOrEqual;ImprovingMoreOrEqual;ImprovingMoreOrEqual;ImprovingMoreOrEqual;ImprovingMoreOrEqual
695;2,57;0,026409516085427076;0,20400000000000001;0,2;0,483100000000001;0,21910000000000013;0,2686000000000002;0,2;0,24700000000000039;0,2;ImprovingMoreOrEqual;ImprovingMoreOrEqual;ImprovingMoreOrEqual;ImprovingMoreOrEqual;ImprovingMoreOrEqual;ImprovingMoreOrEqual;ImprovingMoreOrEqual;ImprovingMoreOrEqual
706;2,605;0,026408434712082873;0,20400000000000001;0,2;0,482900000000001;0,21910000000000013;0,26850000000000024;0,2;0,23700000000000038;0,2;ImprovingMoreOrEqual;ImprovingMoreOrEqual;ImprovingMoreOrEqual;ImprovingMoreOrEqual;ImprovingMoreOrEqual;ImprovingMoreOrEqual;ImprovingMoreOrEqual;ImprovingMoreOrEqual
713;2,627;0,0264069207894011;0,20400000000000001;0,2;0,482700000000001;0,21910000000000013;0,26840000000000025;0,2;0,22700000000000037;0,2;ImprovingMoreOrEqual;ImprovingMoreOrEqual;ImprovingMoreOrEqual;ImprovingMoreOrEqual;ImprovingMoreOrEqual;ImprovingMoreOrEqual;ImprovingMoreOrEqual;ImprovingMoreOrEqual
732;2,684;0,02636236820762239;0,20400000000000001;0,2;0,48220000000000107;0,21910000000000013;0,25830000000000025;0,2;0,2267000000000004;0,2;ImprovingMoreOrEqual;ImprovingMoreOrEqual;ImprovingMoreOrEqual;ImprovingMoreOrEqual;ImprovingMoreOrEqual;ImprovingMoreOrEqual;ImprovingMoreOrEqual;ImprovingMoreOrEqual
782;2,808;0,026362151932953548;0,20400000000000001;0,2;0,4809000000000012;0,21870000000000017;0,25820000000000026;0,2;0,21620000000000045;0,2;ImprovingMoreOrEqual;ImprovingMoreOrEqual;ImprovingMoreOrEqual;ImprovingMoreOrEqual;ImprovingMoreOrEqual;ImprovingMoreOrEqual;ImprovingMoreOrEqual;ImprovingMoreOrEqual
788;2,826;0,026360854284940505;0,20400000000000001;0,2;0,4808000000000012;0,21860000000000018;0,25820000000000026;0,2;0,21620000000000045;0,2;ImprovingMoreOrEqual;ImprovingMoreOrEqual;ImprovingMoreOrEqual;ImprovingMoreOrEqual;ImprovingMoreOrEqual;ImprovingMoreOrEqual;ImprovingMoreOrEqual;ImprovingMoreOrEqual
796;2,852;0,02631543660448632;0,20400000000000001;0,2;0,48070000000000124;0,21860000000000018;0,25820000000000026;0,2;0,21620000000000045;0,2;ImprovingMoreOrEqual;ImprovingMoreOrEqual;ImprovingMoreOrEqual;ImprovingMoreOrEqual;ImprovingMoreOrEqual;ImprovingMoreOrEqual;ImprovingMoreOrEqual;ImprovingMoreOrEqual
802;2,872;0,02631522032981748;0,20400000000000001;0,2;0,48070000000000124;0,2185000000000002;0,25820000000000026;0,2;0,20610000000000045;0,2;ImprovingMoreOrEqual;ImprovingMoreOrEqual;ImprovingMoreOrEqual;ImprovingMoreOrEqual;ImprovingMoreOrEqual;ImprovingMoreOrEqual;ImprovingMoreOrEqual;ImprovingMoreOrEqual
825;2,935;0,026314787780479798;0,20350000000000001;0,2;0,4803000000000013;0,2185000000000002;0,2579000000000003;0,2;0,2;0,2;ImprovingMoreOrEqual;ImprovingMoreOrEqual;ImprovingMoreOrEqual;ImprovingMoreOrEqual;ImprovingMoreOrEqual;ImprovingMoreOrEqual;ImprovingMoreOrEqual;ImprovingMoreOrEqual
983;3,352;0,02631132738577846;0,201;0,2;0,4776000000000016;0,21770000000000028;0,2569000000000004;0,2;0,2;0,2;ImprovingMoreOrEqual;ImprovingMoreOrEqual;ImprovingMoreOrEqual;ImprovingMoreOrEqual;ImprovingMoreOrEqual;ImprovingMoreOrEqual;ImprovingMoreOrEqual;ImprovingMoreOrEqual
984;3,358;0,02630094620167478;0,201;0,2;0,4876000000000016;0,21770000000000028;0,2569000000000004;0,2;0,2;0,2;ImprovingMoreOrEqual;ImprovingMoreOrEqual;ImprovingMoreOrEqual;ImprovingMoreOrEqual;ImprovingMoreOrEqual;ImprovingMoreOrEqual;ImprovingMoreOrEqual;ImprovingMoreOrEqual
997;3,396;0,026300081102999417;0,201;0,2;0,4874000000000016;0,21770000000000028;0,2568000000000004;0,2;0,21000000000000002;0,2;ImprovingMoreOrEqual;ImprovingMoreOrEqual;ImprovingMoreOrEqual;ImprovingMoreOrEqual;ImprovingMoreOrEqual;ImprovingMoreOrEqual;ImprovingMoreOrEqual;ImprovingMoreOrEqual
1000;3,406;0,026300081102999417;0,201;0,2;0,4874000000000016;0,21770000000000028;0,25670000000000043;0,2;0,20990000000000003;0,2;ImprovingMoreOrEqual;ImprovingMoreOrEqual;ImprovingMoreOrEqual;ImprovingMoreOrEqual;ImprovingMoreOrEqual;ImprovingMoreOrEqual;ImprovingMoreOrEqual;ImprovingMoreOrEqual
1027;3,526;0,026298783454986374;0,2;0,2;0,48690000000000166;0,21770000000000028;0,25650000000000045;0,2;0,2;0,2;ImprovingMoreOrEqual;ImprovingMoreOrEqual;ImprovingMoreOrEqual;ImprovingMoreOrEqual;ImprovingMoreOrEqual;ImprovingMoreOrEqual;ImprovingMoreOrEqual;ImprovingMoreOrEqual
1045;3,583;0,026294457961609674;0,2;0,2;0,4867000000000017;0,21770000000000028;0,25630000000000047;0,2;0,2;0,2;ImprovingMoreOrEqual;ImprovingMoreOrEqual;ImprovingMoreOrEqual;ImprovingMoreOrEqual;ImprovingMoreOrEqual;ImprovingMoreOrEqual;ImprovingMoreOrEqual;ImprovingMoreOrEqual
1047;3,592;0,02629251148959011;0,2;0,2;0,4967000000000017;0,21770000000000028;0,25630000000000047;0,2;0,2;0,2;ImprovingMoreOrEqual;ImprovingMoreOrEqual;ImprovingMoreOrEqual;ImprovingMoreOrEqual;ImprovingMoreOrEqual;ImprovingMoreOrEqual;ImprovingMoreOrEqual;ImprovingMoreOrEqual
1141;3,969;0,02629207894025254;0,2;0,2;0,4949000000000019;0,2175000000000003;0,25550000000000056;0,2;0,2;0,2;ImprovingMoreOrEqual;ImprovingMoreOrEqual;ImprovingMoreOrEqual;ImprovingMoreOrEqual;ImprovingMoreOrEqual;ImprovingMoreOrEqual;ImprovingMoreOrEqual;ImprovingMoreOrEqual
1244;4,313;0,026291430116246017;0,2;0,2;0,493800000000002;0,21700000000000036;0,25480000000000064;0,2;0,21000000000000002;0,2;ImprovingMoreOrEqual;ImprovingMoreOrEqual;ImprovingMoreOrEqual;ImprovingMoreOrEqual;ImprovingMoreOrEqual;ImprovingMoreOrEqual;ImprovingMoreOrEqual;ImprovingMoreOrEqual
1267;4,428;0,026290565017570766;0,2;0,2;0,4932000000000021;0,2167000000000004;0,25470000000000065;0,2;0,21980000000000005;0,2;ImprovingMoreOrEqual;ImprovingMoreOrEqual;ImprovingMoreOrEqual;ImprovingMoreOrEqual;ImprovingMoreOrEqual;ImprovingMoreOrEqual;ImprovingMoreOrEqual;ImprovingMoreOrEqual
1310;4,56;0,026290348742901926;0,2;0,2;0,49260000000000215;0,21640000000000043;0,2543000000000007;0,2;0,21920000000000012;0,2;ImprovingMoreOrEqual;ImprovingMoreOrEqual;ImprovingMoreOrEqual;ImprovingMoreOrEqual;ImprovingMoreOrEqual;ImprovingMoreOrEqual;ImprovingMoreOrEqual;ImprovingMoreOrEqual
1336;4,656;0,026289483644226563;0,2;0,2;0,4922000000000022;0,21620000000000045;0,2541000000000007;0,2;0,22910000000000014;0,2;ImprovingMoreOrEqual;ImprovingMoreOrEqual;ImprovingMoreOrEqual;ImprovingMoreOrEqual;ImprovingMoreOrEqual;ImprovingMoreOrEqual;ImprovingMoreOrEqual;ImprovingMoreOrEqual
1338;4,664;0,02628840227088247;0,2;0,2;0,4922000000000022;0,21620000000000045;0,2541000000000007;0,2;0,22910000000000014;0,2;ImprovingMoreOrEqual;ImprovingMoreOrEqual;ImprovingMoreOrEqual;ImprovingMoreOrEqual;ImprovingMoreOrEqual;ImprovingMoreOrEqual;ImprovingMoreOrEqual;ImprovingMoreOrEqual
1352;4,709;0,026285158150850085;0,2;0,2;0,4920000000000022;0,21620000000000045;0,2541000000000007;0,2;0,23890000000000017;0,2;ImprovingMoreOrEqual;ImprovingMoreOrEqual;ImprovingMoreOrEqual;ImprovingMoreOrEqual;ImprovingMoreOrEqual;ImprovingMoreOrEqual;ImprovingMoreOrEqual;ImprovingMoreOrEqual
1353;4,717;0,0257939983779385;0,2;0,2;0,4820000000000022;0,21620000000000045;0,2541000000000007;0,2;0,23890000000000017;0,2;ImprovingMoreOrEqual;ImprovingMoreOrEqual;ImprovingMoreOrEqual;ImprovingMoreOrEqual;ImprovingMoreOrEqual;ImprovingMoreOrEqual;ImprovingMoreOrEqual;ImprovingMoreOrEqual
1354;4,724;0,025787077588536045;0,2;0,2;0,4920000000000022;0,21620000000000045;0,2541000000000007;0,2;0,23890000000000017;0,2;ImprovingMoreOrEqual;ImprovingMoreOrEqual;ImprovingMoreOrEqual;ImprovingMoreOrEqual;ImprovingMoreOrEqual;ImprovingMoreOrEqual;ImprovingMoreOrEqual;ImprovingMoreOrEqual
1500;5,199;0,025786861313867204;0,2;0,2;0,4896000000000025;0,21590000000000048;0,2531000000000008;0,2;0,24710000000000037;0,2;ImprovingMoreOrEqual;ImprovingMoreOrEqual;ImprovingMoreOrEqual;ImprovingMoreOrEqual;ImprovingMoreOrEqual;ImprovingMoreOrEqual;ImprovingMoreOrEqual;ImprovingMoreOrEqual
1501;5,206;0,025786212489860683;0,2;0,2;0,4896000000000025;0,21590000000000048;0,2531000000000008;0,2;0,24710000000000037;0,2;ImprovingMoreOrEqual;ImprovingMoreOrEqual;ImprovingMoreOrEqual;ImprovingMoreOrEqual;ImprovingMoreOrEqual;ImprovingMoreOrEqual;ImprovingMoreOrEqual;ImprovingMoreOrEqual
1519;5,252;0,025782752095159345;0,2;0,2;0,4894000000000025;0,2158000000000005;0,25300000000000084;0,2;0,23710000000000037;0,2;ImprovingMoreOrEqual;ImprovingMoreOrEqual;ImprovingMoreOrEqual;ImprovingMoreOrEqual;ImprovingMoreOrEqual;ImprovingMoreOrEqual;ImprovingMoreOrEqual;ImprovingMoreOrEqual
1520;5,258;0,025777561503107393;0,2;0,2;0,4894000000000025;0,2158000000000005;0,25300000000000084;0,2;0,23710000000000037;0,2;ImprovingMoreOrEqual;ImprovingMoreOrEqual;ImprovingMoreOrEqual;ImprovingMoreOrEqual;ImprovingMoreOrEqual;ImprovingMoreOrEqual;ImprovingMoreOrEqual;ImprovingMoreOrEqual
1521;5,265;0,0257704244390361;0,2;0,2;0,4894000000000025;0,2158000000000005;0,25300000000000084;0,2;0,23710000000000037;0,2;ImprovingMoreOrEqual;ImprovingMoreOrEqual;ImprovingMoreOrEqual;ImprovingMoreOrEqual;ImprovingMoreOrEqual;ImprovingMoreOrEqual;ImprovingMoreOrEqual;ImprovingMoreOrEqual
1537;5,304;0,025768694241685486;0,2;0,2;0,4893000000000025;0,2158000000000005;0,25300000000000084;0,2;0,2468000000000004;0,2;ImprovingMoreOrEqual;ImprovingMoreOrEqual;ImprovingMoreOrEqual;ImprovingMoreOrEqual;ImprovingMoreOrEqual;ImprovingMoreOrEqual;ImprovingMoreOrEqual;ImprovingMoreOrEqual
1556;5,347;0,02576653149499719;0,2;0,2;0,48910000000000253;0,2157000000000005;0,25300000000000084;0,2;0,2568000000000004;0,2;ImprovingMoreOrEqual;ImprovingMoreOrEqual;ImprovingMoreOrEqual;ImprovingMoreOrEqual;ImprovingMoreOrEqual;ImprovingMoreOrEqual;ImprovingMoreOrEqual;ImprovingMoreOrEqual
1558;5,357;0,02576609894565951;0,2;0,2;0,49910000000000254;0,2157000000000005;0,25300000000000084;0,2;0,25670000000000043;0,2;ImprovingMoreOrEqual;ImprovingMoreOrEqual;ImprovingMoreOrEqual;ImprovingMoreOrEqual;ImprovingMoreOrEqual;ImprovingMoreOrEqual;ImprovingMoreOrEqual;ImprovingMoreOrEqual
1563;5,376;0,025763503649633646;0,2;0,2;0,49910000000000254;0,2157000000000005;0,25300000000000084;0,2;0,25660000000000044;0,2;ImprovingMoreOrEqual;ImprovingMoreOrEqual;ImprovingMoreOrEqual;ImprovingMoreOrEqual;ImprovingMoreOrEqual;ImprovingMoreOrEqual;ImprovingMoreOrEqual;ImprovingMoreOrEqual
1564;5,382;0,025762854825627124;0,2;0,2;0,49910000000000254;0,2157000000000005;0,25300000000000084;0,2;0,25660000000000044;0,2;ImprovingMoreOrEqual;ImprovingMoreOrEqual;ImprovingMoreOrEqual;ImprovingMoreOrEqual;ImprovingMoreOrEqual;ImprovingMoreOrEqual;ImprovingMoreOrEqual;ImprovingMoreOrEqual
1569;5,399;0,025761989726951873;0,2;0,2;0,49910000000000254;0,2157000000000005;0,25300000000000084;0,2;0,24660000000000043;0,2;ImprovingMoreOrEqual;ImprovingMoreOrEqual;ImprovingMoreOrEqual;ImprovingMoreOrEqual;ImprovingMoreOrEqual;ImprovingMoreOrEqual;ImprovingMoreOrEqual;ImprovingMoreOrEqual
1573;5,412;0,02576090835360778;0,2;0,2;0,49910000000000254;0,2157000000000005;0,25300000000000084;0,2;0,25660000000000044;0,2;ImprovingMoreOrEqual;ImprovingMoreOrEqual;ImprovingMoreOrEqual;ImprovingMoreOrEqual;ImprovingMoreOrEqual;ImprovingMoreOrEqual;ImprovingMoreOrEqual;ImprovingMoreOrEqual
1626;5,588;0,025760043254932308;0,2;0,2;0,49890000000000256;0,21540000000000054;0,25290000000000085;0,2;0,25560000000000055;0,2;ImprovingMoreOrEqual;ImprovingMoreOrEqual;ImprovingMoreOrEqual;ImprovingMoreOrEqual;ImprovingMoreOrEqual;ImprovingMoreOrEqual;ImprovingMoreOrEqual;ImprovingMoreOrEqual
1644;5,698;0,025759826980263467;0,2;0,2;0,4988000000000026;0,21540000000000054;0,25280000000000086;0,2;0,2553000000000006;0,2;ImprovingMoreOrEqual;ImprovingMoreOrEqual;ImprovingMoreOrEqual;ImprovingMoreOrEqual;ImprovingMoreOrEqual;ImprovingMoreOrEqual;ImprovingMoreOrEqual;ImprovingMoreOrEqual
1646;5,704;0,025758961881588216;0,21000000000000002;0,2;0,4987000000000026;0,21540000000000054;0,25280000000000086;0,2;0,2553000000000006;0,2;ImprovingMoreOrEqual;ImprovingMoreOrEqual;ImprovingMoreOrEqual;ImprovingMoreOrEqual;ImprovingMoreOrEqual;ImprovingMoreOrEqual;ImprovingMoreOrEqual;ImprovingMoreOrEqual
1661;5,748;0,025758096782912965;0,21000000000000002;0,2;0,4985000000000026;0,21530000000000055;0,25280000000000086;0,2;0,2651000000000006;0,2;ImprovingMoreOrEqual;ImprovingMoreOrEqual;ImprovingMoreOrEqual;ImprovingMoreOrEqual;ImprovingMoreOrEqual;ImprovingMoreOrEqual;ImprovingMoreOrEqual;ImprovingMoreOrEqual
1673;5,782;0,0257561503108934;0,21000000000000002;0,2;0,49820000000000264;0,21530000000000055;0,25280000000000086;0,2;0,27500000000000063;0,2;ImprovingMoreOrEqual;ImprovingMoreOrEqual;ImprovingMoreOrEqual;ImprovingMoreOrEqual;ImprovingMoreOrEqual;ImprovingMoreOrEqual;ImprovingMoreOrEqual;ImprovingMoreOrEqual
1677;5,794;0,025742525006757222;0,21000000000000002;0,2;0,48820000000000263;0,21530000000000055;0,25280000000000086;0,2;0,27500000000000063;0,2;ImprovingMoreOrEqual;ImprovingMoreOrEqual;ImprovingMoreOrEqual;ImprovingMoreOrEqual;ImprovingMoreOrEqual;ImprovingMoreOrEqual;ImprovingMoreOrEqual;ImprovingMoreOrEqual
1798;6,075;0,025742525006757222;0,20350000000000001;0,2;0,4866000000000028;0,21520000000000056;0,25200000000000095;0,2;0,27410000000000073;0,2;ImprovingMoreOrEqual;ImprovingMoreOrEqual;ImprovingMoreOrEqual;ImprovingMoreOrEqual;ImprovingMoreOrEqual;ImprovingMoreOrEqual;ImprovingMoreOrEqual;ImprovingMoreOrEqual
